birthday;gender
701213;f
450204;m
401009;f
561201;m
600703;f
190922;m
290125;m
380221;f
351016;m
430501;m
500822;f
810220;m
740529;f
420622;f
180828;f
190225;m
341013;m
310405;f
421228;m
790104;m
521029;f
691011;f
730529;m
390729;f
390423;f
690420;f
660326;f
450929;m
510911;f
571009;f
620209;m
800728;m
481204;f
780717;f
700810;m
730723;f
680125;m
570122;f
680827;m
350817;m
201028;m
770111;f
520826;m
400130;f
340714;m
400209;m
590511;f
780730;f
791202;f
241212;m
770505;m
480918;f
600331;m
611217;f
270429;f
570218;m
800219;m
480806;f
321208;m
590604;m
260422;m
430527;f
511110;f
321111;f
461214;m
251222;m
270206;f
230113;m
240220;m
250726;f
770919;f
671001;f
560218;f
440613;f
690310;f
790225;f
760429;m
791225;f
781225;f
790505;m
610827;m
690720;f
461117;f
510505;f
750817;m
400807;m
660612;f
250216;m
470909;m
520803;f
720229;m
651128;m
730504;f
730126;m
420811;f
430123;m
580910;f
550711;m
800526;m
681230;f
720623;m
630913;m
670413;f
350125;m
400815;f
690624;f
691224;m
420128;m
360920;f
220719;m
220228;f
760510;m
781029;f
631113;f
690212;m
670921;m
361031;m
290927;f
501227;f
730404;f
470531;f
420214;m
770131;f
530126;m
320118;m
380910;f
210126;f
230914;m
721021;f
590725;f
610606;m
251102;m
370621;m
780709;m
581206;m
780214;m
611219;f
331102;f
401225;m
480627;m
800927;f
710923;f
451202;f
810212;f
330827;m
390313;f
300722;f
430709;f
450703;f
380910;m
420426;f
431007;f
411017;m
330612;m
620404;f
681108;m
611022;f
780418;f
761105;f
530912;m
460616;f
290625;m
351005;f
181208;f
781110;m
600713;m
290311;m
601222;m
801229;m
820119;m
670706;m
590713;f
780319;f
720605;m
540530;m
610222;f
420823;m
600902;m
190810;m
471031;f
540903;m
710228;m
620501;m
241220;f
191118;m
270625;f
330425;m
760714;m
230621;m
280113;f
300819;f
761121;f
620610;m
670617;f
420615;f
630413;f
320520;m
400625;f
350820;m
391130;m
450628;f
750210;m
670924;m
600130;m
741222;f
800123;f
640402;f
770225;f
720629;f
520227;f
550511;m
360510;m
420616;m
261218;f
560316;f
690722;m
670310;f
410218;m
210617;f
581203;f
550621;m
430828;f
610901;m
690222;f
611128;f
740910;f
290617;f
590123;m
610801;f
540210;m
701228;f
570508;m
691212;f
700505;m
791125;f
760303;f
690901;f
470512;f
630530;m
511011;f
630227;f
421104;f
370531;m
660608;m
620224;f
371207;f
451125;m
620520;m
780822;m
330107;f
670828;f
670612;m
820502;f
231203;f
470308;m
450727;f
441025;f
720515;f
701125;f
181112;f
570611;m
611128;f
721227;f
700516;m
691218;f
380224;f
331104;m
740806;m
540603;m
520418;f
800909;m
620421;m
580327;m
590112;m
550427;f
580906;f
430927;m
680321;m
390327;m
740301;m
240315;f
210613;m
570730;f
420110;m
710223;m
460506;m
340311;f
380608;m
760612;f
691214;f
500416;m
300916;f
240703;m
420511;f
450322;m
670501;m
550428;m
571006;f
430402;f
290404;f
341112;m
431024;f
330201;m
380404;f
601203;m
600221;m
670918;f
681013;m
180124;f
641203;m
440805;f
420302;m
780725;m
711019;m
691031;m
670722;f
640211;f
570508;m
510619;f
660730;m
700819;f
770316;m
720630;f
191119;m
630716;f
531207;m
601102;f
591213;m
530124;f
270527;f
250402;f
730501;m
400827;m
651026;m
220427;f
300531;m
791207;f
790330;m
590626;f
700216;m
430427;m
770525;f
500427;f
420701;m
421205;f
300109;m
361110;f
630903;f
681014;m
301106;f
560105;f
420716;m
320403;m
360228;m
670614;m
690929;f
730108;f
780515;m
831013;f
730119;m
770126;f
780630;m
390517;f
351008;m
480324;m
800821;m
270606;m
501030;f
740630;f
770127;f
330522;f
500401;f
560831;m
240518;f
190705;m
200502;m
300327;m
250326;f
520414;m
331227;m
281119;f
431225;m
730526;f
670420;m
341019;f
770515;m
750527;f
780222;f
250618;m
621220;m
410414;f
440417;m
721118;f
471019;f
450401;m
321007;f
300610;m
661013;m
701007;f
780313;m
650731;m
461207;m
570623;m
471008;m
480212;m
370601;m
410914;f
191116;f
810120;f
200728;m
271001;f
520326;f
550207;m
430130;f
671023;m
550615;m
200117;f
380928;m
680912;f
700707;f
590914;m
711216;f
711220;m
600801;f
470427;f
520319;m
460904;m
700815;f
531127;m
790414;m
531022;f
690716;m
490615;f
200726;m
400228;m
500926;m
610724;m
670723;f
700813;f
701221;m
440405;m
590730;f
520901;m
471119;f
500417;m
590427;m
701013;f
540421;f
770111;m
811227;m
390925;f
490531;m
470601;f
540720;m
780621;m
470820;m
460124;f
270122;m
340122;f
440619;m
590913;f
780516;m
440412;m
220401;f
170802;m
401007;m
501023;m
660805;m
351026;m
420604;f
800519;m
370407;f
510521;f
530202;m
480115;f
350708;f
710106;m
371028;m
191208;m
590724;m
790801;m
771221;m
460816;m
541116;m
710428;m
800502;m
760415;m
590218;m
650803;f
740111;f
681115;m
320526;m
300427;f
650725;m
790428;f
800413;m
470927;f
751225;m
560304;f
221217;m
630102;f
690814;m
640201;m
660818;f
770211;m
781105;m
570927;f
761004;m
800903;f
410519;f
570722;m
370909;m
390825;m
350116;m
480510;f
210728;m
270309;f
210209;f
580415;f
481116;m
731011;f
530825;m
490331;m
371204;m
611130;m
760705;f
340508;f
410407;m
250419;f
261021;m
460708;m
390717;m
200705;f
720905;f
671216;f
621110;f
750922;f
610909;f
550124;m
590703;f
460305;f
500502;m
600719;f
620615;m
410131;f
240927;m
200804;f
670810;m
721225;m
700404;m
740512;f
631205;f
770707;f
330531;f
490204;f
500926;m
650101;f
760513;f
420221;f
471103;m
450708;f
601020;f
610917;m
490215;m
741029;f
650718;m
540710;f
481024;m
430222;m
701231;m
770518;f
660312;m
650116;f
660309;f
650731;f
700827;f
490125;f
640330;m
720831;m
620902;m
790810;f
521013;m
601110;f
770810;f
470203;f
490913;f
750101;m
740314;m
320316;f
200907;m
180213;f
390317;m
311123;f
250904;m
320726;f
781124;f
800413;m
720411;m
700527;f
760310;m
520303;m
560322;f
460316;m
380612;f
270629;f
350217;m
701215;f
610203;f
780802;m
790415;m
620704;f
631025;m
490613;f
610423;f
251221;m
220929;f
290406;m
350928;f
780502;f
760127;f
381208;m
301121;f
420517;f
421210;m
560606;m
260710;f
261221;m
651207;m
230322;m
190115;f
450807;m
230120;m
800319;f
320405;f
820523;m
810720;f
421225;f
561219;f
590121;m
710227;f
291109;f
391029;m
270111;f
751112;m
530207;m
630524;m
330528;f
400319;m
400509;f
770115;m
791021;m
450829;f
760410;f
301213;f
711003;f
750128;m
540504;m
640802;m
421107;m
440113;f
360111;f
350317;m
360228;m
550627;m
521201;f
740501;m
540227;m
220422;f
291120;m
681107;f
590426;m
750501;m
381210;m
480805;m
411214;m
771127;f
341229;m
251128;m
630816;f
621204;m
800329;f
701008;m
520115;f
541204;f
680502;m
600228;f
740809;m
540906;m
400215;m
701125;f
570726;f
530202;f
561211;m
350213;m
300720;f
320120;m
690317;f
730814;m
790122;f
780705;m
780728;m
850114;f
731126;m
770426;f
521104;m
200326;m
420416;m
231107;m
410709;m
511015;f
410217;m
400718;m
660214;f
620416;m
530820;f
361015;m
330729;f
560929;f
590309;m
441220;m
400924;f
470604;f
471121;m
200513;m
701220;f
610726;f
550520;m
360825;f
370420;m
270824;f
551013;f
691231;m
260703;f
230616;m
310923;f
771215;m
441210;m
351030;m
730303;m
401130;f
530503;f
610520;m
400604;m
440612;f
240226;m
450920;m
630318;f
710325;f
641228;m
340909;m
780906;m
471208;m
740903;m
310921;m
670509;f
500929;f
780204;m
790716;f
190830;m
480127;m
400212;f
360219;m
510215;m
560123;f
800422;m
691021;f
631128;m
191015;m
450924;f
400528;m
401206;m
640129;m
591001;m
641027;f
580201;f
660427;m
580708;m
601106;f
480512;m
590508;f
561024;m
520905;m
770402;m
780123;m
650904;f
581210;m
570519;m
480827;m
480502;m
231223;f
600611;m
221217;m
431020;f
480614;m
741014;m
680204;f
550518;f
370426;m
810210;m
330703;f
570903;f
450114;m
530130;f
491201;m
791225;m
390606;f
690921;m
190616;m
160604;f
490602;m
411102;f
300128;m
190122;m
480221;m
590329;f
680729;f
671208;m
560913;f
520105;m
681129;f
530327;m
461103;f
751124;f
570506;m
740311;m
630222;m
440105;m
520905;f
561207;m
601125;m
270121;f
200417;m
431208;f
600217;m
750222;f
330909;f
200106;f
181014;m
230208;m
480202;m
731128;f
731026;m
811024;f
190330;m
310131;m
220524;f
351023;f
340818;m
700703;m
730424;f
810325;m
430427;f
440213;m
770410;m
191221;m
500815;m
340306;m
320208;m
401023;m
780616;m
480311;m
610307;f
750907;m
610927;m
391128;m
201029;m
381118;m
210119;f
750503;m
580629;m
730916;f
641223;m
540213;f
720816;f
780822;m
530712;m
590813;m
810122;m
741026;m
511010;f
350423;m
590825;f
680607;m
470927;m
780311;f
820819;m
460517;f
430730;m
311114;m
440807;f
520803;m
600811;m
351005;m
310902;f
360926;m
701218;m
770110;f
510806;m
240422;m
760727;m
650412;f
600917;m
510501;f
371017;m
421020;f
700128;m
661021;m
411223;f
420504;m
620912;f
570413;f
311004;f
660219;m
661217;f
531021;f
721201;f
780902;m
790620;m
570217;m
570329;m
190101;f
170506;m
701006;f
630624;m
590712;f
551119;f
260510;f
680609;f
661118;m
610930;m
600628;m
490703;m
470113;f
550516;m
520520;m
391001;f
330815;m
611224;m
410627;m
480521;m
691031;f
710427;m
731030;f
800626;f
501111;m
530628;f
660901;f
611027;m
470414;m
440308;f
371031;f
570925;m
420628;f
380105;m
560706;m
620427;f
550816;m
390713;m
660213;f
730312;m
310208;m
340313;m
400721;f
430212;f
450228;m
461222;f
770510;f
770805;m
400723;m
381228;m
560329;m
640708;m
790812;m
401104;f
341002;m
540316;f
471011;m
681211;f
381030;f
371014;m
741111;f
710328;f
761206;m
651101;f
610923;f
801011;f
600617;m
610705;m
660925;f
631116;m
710913;f
471224;f
750824;m
630711;f
741003;f
421111;m
710701;f
710826;f
640311;m
580603;f
240820;m
190517;m
630619;m
390221;m
750801;f
600603;m
571217;f
750108;m
760612;f
510203;f
571126;m
401018;m
520514;m
261020;f
380221;f
381202;m
250125;m
661208;f
240410;m
280825;f
340604;f
790511;f
200623;m
781215;f
610715;m
501006;f
701216;m
670223;m
371215;m
440409;f
321219;f
730504;m
780730;f
690823;f
391209;m
390620;f
400627;f
620720;f
760728;f
601004;f
540216;m
260303;f
300902;m
480910;f
791121;f
510704;m
460622;m
350129;m
510818;m
550209;f
420103;m
400225;f
610426;m
551222;f
310901;f
280324;f
790604;m
300725;f
760820;m
800618;m
200824;f
730419;f
761101;f
691103;m
800105;f
731021;f
390302;m
210218;m
220826;f
280412;m
340330;f
351023;m
741112;m
300716;m
310924;m
401126;f
471028;f
480321;m
580915;f
591001;m
520721;m
760918;f
770305;f
700930;f
730922;m
460224;m
410422;f
461119;f
460515;m
680914;f
651114;m
300512;m
410515;m
760925;f
450624;f
730306;m
810312;m
801115;f
240131;m
220710;f
331111;f
581230;f
540821;f
440203;m
380728;f
730525;m
750219;f
640828;m
590914;f
421002;f
590627;m
540317;f
780531;m
410124;f
770428;m
740328;f
230613;f
220602;m
700313;f
251025;m
180831;f
390621;f
711004;f
301005;f
441006;m
391112;m
461016;f
421129;m
470805;f
610906;f
680919;m
320215;f
760412;f
770602;m
250101;f
260129;m
390614;f
390122;f
430416;m
661002;f
750217;f
761024;f
311117;f
450910;m
801011;f
741109;f
570621;m
390917;f
750901;f
570409;f
611012;m
780714;m
270919;f
660428;m
401115;m
440506;m
450612;f
370417;m
800527;m
440731;m
531216;f
730518;f
391130;f
550813;f
380512;m
460821;m
510414;f
551002;m
490828;f
710202;m
650927;f
590413;m
421022;m
750115;m
790712;f
670428;f
231107;m
350901;m
760909;f
760824;f
421217;f
440821;f
741005;f
640502;m
790813;m
621119;m
691009;f
710624;m
520801;f
590530;m
530819;f
670828;f
390831;f
660807;f
551113;f
280901;f
240920;m
660929;m
450103;f
510928;m
520403;m
590225;f
761003;f
581221;f
521124;f
540211;f
490330;m
481231;f
300516;m
351129;m
440415;m
780615;m
760125;m
511010;f
420426;f
310407;m
780912;m
560711;m
520508;m
491228;f
361127;m
390209;f
430804;m
391126;m
500313;f
440809;f
720520;m
460918;m
760129;m
640418;f
770428;m
270129;m
300529;f
440209;f
590801;f
180128;f
210315;m
201016;f
791027;m
400816;f
360728;m
450428;f
221008;f
530408;m
540218;m
750617;m
770924;f
561218;f
350403;f
701120;m
750609;f
230226;m
461113;f
450518;m
310310;m
771109;f
450922;f
440106;m
560807;f
450919;m
560512;f
631231;f
370605;f
180216;m
680917;m
631124;m
571127;f
490420;m
780206;m
610125;f
621104;m
790329;f
830726;m
590504;m
390320;f
620617;f
390816;f
350218;m
680522;m
540829;m
700306;m
750607;f
680107;f
590428;m
510924;f
710401;f
590213;m
210114;m
760201;f
320918;m
510904;f
460819;m
220929;f
290103;m
791227;f
331228;m
380223;f
800302;f
651027;f
571230;m
781023;m
650111;f
481022;f
761207;f
750208;f
770127;m
580903;m
510723;f
411125;f
370218;m
530729;f
791123;f
821005;m
530424;f
530830;m
560809;f
770222;f
620906;f
270304;f
790527;f
651122;m
320206;m
340501;f
420822;f
411018;m
460314;f
211225;f
810724;m
361125;m
440102;f
681220;f
481112;f
410804;m
690807;m
510430;m
440203;m
390806;f
791105;m
690716;f
741113;f
271202;m
661112;f
740616;f
180125;f
160120;m
560210;f
760223;f
820411;m
520105;m
680827;m
640430;f
651216;f
200423;m
270904;f
820529;f
301108;f
610817;f
590710;f
670325;m
530625;m
631025;f
740910;m
780117;m
311205;f
330418;m
350125;m
420714;f
410724;m
540729;m
520621;f
571009;f
490629;m
690317;f
400528;f
660329;f
251003;m
270902;f
280424;m
341012;f
380408;m
760908;m
330313;f
691221;m
410302;m
360126;f
280401;f
310106;m
530822;m
240930;m
400416;f
660914;f
420504;m
380915;f
670910;f
311206;f
711215;f
320331;m
701130;m
690821;m
560622;m
430528;m
331123;f
500328;f
510510;f
520618;m
780514;m
740913;f
760827;f
610109;m
280124;m
280420;m
820421;m
680509;f
221229;m
150322;f
310210;f
420608;f
480803;f
410209;m
511129;f
811212;m
460122;m
730124;m
220901;m
180116;f
710625;f
310625;m
291122;f
540630;f
420419;f
480130;f
620306;f
420811;f
590821;m
570802;m
461017;f
561002;m
600728;f
590706;m
561105;m
791010;m
680514;f
310830;f
620113;f
430309;m
350315;f
341218;m
640320;m
720620;f
450806;f
600628;f
621030;m
601222;m
521222;f
361028;m
671013;f
791207;m
231119;m
371107;m
330306;f
191208;m
270602;f
300413;m
271220;f
230304;m
281114;f
461121;f
441215;m
500914;m
500402;m
591214;f
270125;f
401020;m
230916;f
190814;m
780806;m
470625;f
600519;m
661020;f
300419;m
270629;f
560717;f
580617;m
671015;f
631212;f
790218;m
231006;f
190502;m
440419;m
710815;f
631013;m
680618;f
630415;f
340214;m
720108;f
620129;f
350720;m
340112;f
280505;m
501029;m
511127;f
400810;f
530707;f
280411;m
250531;f
390929;m
541216;f
781022;f
560510;m
250425;m
641008;m
650615;f
690329;f
681230;m
680827;m
690721;f
800921;f
820902;m
410526;f
411111;m
440530;f
420423;f
631202;f
590630;m
610115;m
380518;m
520428;f
380523;m
500430;f
791207;f
420127;f
360515;m
520405;f
501012;m
630709;m
650910;m
730712;f
570325;f
660901;m
640219;f
760430;m
430220;f
720828;f
691110;m
300902;f
320912;m
431020;m
540130;f
590501;f
530613;f
230128;f
591010;f
760417;f
760606;m
610310;f
660317;m
780326;f
520312;m
500316;f
530329;m
660710;f
440619;m
631208;m
720204;m
680618;f
351002;m
290821;f
371215;f
821211;f
530416;f
670907;m
570429;m
181110;f
120302;m
410831;m
400813;f
490817;f
521025;m
610507;m
310915;f
280107;m
720709;m
201027;f
400215;m
530203;m
460907;f
420417;f
750328;f
401125;m
560907;m
511224;f
461025;m
440421;f
471108;f
470227;m
230810;m
361204;m
470817;f
780208;f
720207;m
800706;f
791227;m
230321;f
640110;f
671121;m
550311;m
490309;m
450611;f
730407;f
180111;m
141003;f
460701;f
440719;m
510218;m
521213;f
440211;m
620614;f
640101;m
350421;m
450522;m
790307;f
380727;m
700809;m
340224;f
340702;m
331001;m
810228;f
341021;f
590118;f
520603;m
510121;m
460818;f
470516;m
321215;m
681130;f
740720;f
751110;m
760531;f
790417;f
550730;m
630125;f
320702;m
540606;m
590727;m
691228;f
591018;f
590910;f
560220;m
761231;m
281117;f
641231;m
590124;m
781123;m
790226;f
790529;m
650818;f
360708;m
370930;f
471113;m
230116;f
230307;m
480423;m
561230;m
671207;m
710709;m
750803;m
510427;m
490805;m
511015;f
271020;f
790921;f
711005;f
431208;m
541024;f
630108;f
680902;m
351126;m
541209;f
240816;m
481224;m
461005;f
801102;f
751125;m
340625;f
311128;m
500323;m
330807;f
530528;m
660512;f
750901;m
450317;f
400330;f
600228;f
381123;m
411104;f
330708;m
590626;m
430928;f
700101;m
641016;f
460512;f
520103;m
350630;m
330626;f
310512;m
190630;m
390329;m
470517;f
490928;m
400312;m
770224;f
510724;m
531206;f
561002;m
790420;f
281120;f
410424;m
220913;f
780807;f
600803;m
740424;f
370912;m
410816;f
621114;m
420816;f
520203;m
761009;m
660731;f
661115;m
270219;m
280311;f
440307;f
570113;m
591127;f
361218;f
351028;m
530323;f
430913;m
390125;f
220203;f
181114;m
801212;m
790130;f
240702;f
220924;f
420705;f
750912;f
620905;m
650818;m
320527;f
680822;f
640316;m
641031;f
570715;m
771009;f
520216;m
480314;m
490609;f
420611;f
440924;f
800216;m
330214;f
350429;m
800220;f
630124;f
681026;m
461020;m
761019;m
510701;m
570821;f
630902;m
440402;f
740808;m
340124;m
320524;f
611027;f
760126;f
700107;f
200407;m
260715;m
180924;f
570728;f
550814;f
590304;f
280326;m
340211;f
471105;f
651103;f
820208;m
690307;f
610801;m
410703;m
651122;m
621107;f
390830;f
410222;m
490518;f
220707;m
280908;f
200117;m
440316;f
461108;m
380421;f
720226;m
680415;m
420620;f
390909;m
260719;m
690313;f
490504;m
750807;m
461026;f
490403;m
580507;f
380529;m
380623;m
350208;f
520426;m
520814;f
550815;f
340221;f
421114;f
400121;f
331121;f
290512;f
551016;f
600327;m
390930;f
250814;m
230122;f
210712;f
150510;m
260211;m
570122;f
540603;m
350719;m
810208;m
390219;f
420623;m
290706;m
710429;m
710309;f
650922;m
520728;m
711028;f
250709;f
720304;m
771121;f
201226;m
460823;m
200604;f
501118;m
450612;m
310805;m
390810;m
480701;f
631115;f
600813;m
260826;f
471105;f
690314;f
460429;f
310913;f
180714;m
150927;f
181012;m
351025;f
520522;f
260319;f
590430;m
700922;f
770708;m
820205;f
260829;m
371213;m
420813;f
520504;m
390113;f
431125;m
181109;m
750621;m
670706;f
410410;f
370320;m
771109;f
781215;f
820210;f
420509;f
770805;f
181126;f
210615;m
740203;f
791003;m
620822;f
580913;m
400607;m
360116;m
520812;m
251118;f
230627;m
400710;f
681115;f
341009;m
310123;f
450825;f
320928;m
251220;f
191208;m
391112;m
310902;f
340415;m
411231;m
341203;f
300122;m
241017;f
230919;f
800804;f
261215;m
430321;m
370702;f
260612;m
280727;f
480826;f
800329;f
690120;f
440807;m
560811;m
820704;m
540915;f
610918;f
560822;m
520826;f
430725;f
280603;f
270220;m
320523;f
181207;f
140519;m
180207;m
481206;m
760831;f
781209;m
760102;f
710302;m
720630;m
710604;f
530727;m
540522;f
500926;f
260730;m
780820;m
721027;m
791020;m
300524;f
230101;f
720723;f
731219;m
440209;f
560208;m
610916;f
220129;m
570207;f
300301;f
780803;f
250529;f
631226;m
721106;f
330204;m
430312;m
290216;f
281128;m
541029;f
770929;m
480826;f
670609;f
701007;m
280117;f
450321;m
700624;m
750906;f
740430;m
740906;f
361111;m
390528;f
180116;m
310929;f
350624;m
410527;m
440204;f
480108;m
470718;f
210321;f
230418;m
450421;f
500514;f
671103;f
240529;f
270915;m
370404;m
180821;m
140301;f
300614;m
450228;m
701112;m
600518;f
790925;m
700717;f
820517;m
490114;f
750412;m
750328;f
550813;f
621207;m
451029;f
750211;f
690206;m
211128;f
171214;m
400808;f
400724;f
621109;f
801219;m
320306;f
261018;m
510906;m
411220;f
481112;m
600128;f
681224;f
730104;m
630814;f
530720;f
230409;f
410417;m
451230;f
290907;f
490516;f
571128;f
580610;m
661227;f
451117;m
810506;m
300123;f
450531;m
200306;f
130912;m
180408;m
411029;m
450302;f
470722;f
811213;m
630712;f
710101;m
420430;m
581128;m
290821;f
511217;f
520808;f
420103;f
460716;m
420530;f
390809;m
391027;f
721017;f
680722;m
291201;f
310821;m
700707;m
570620;f
420726;f
330312;m
250825;f
621115;f
741022;m
790804;f
560412;f
520726;m
610822;f
420913;f
550216;f
621210;f
200222;f
111209;m
530731;m
290223;m
280817;f
391001;m
460819;f
521212;m
640604;f
610217;f
590109;m
270613;f
330423;m
200224;f
720527;m
681107;m
461107;m
250129;m
720704;f
740220;m
681108;m
641128;f
520217;f
450315;m
340803;f
430524;f
321004;m
601106;f
641009;f
750725;m
400320;f
440907;m
690531;m
711013;f
670527;m
641224;f
400420;f
780627;f
581003;m
540219;f
760109;f
320312;f
261230;m
760605;f
800704;m
530801;f
780113;f
751024;m
451207;f
381208;f
711013;f
651115;m
570909;f
271209;f
230824;f
740605;m
790831;f
791103;m
500102;f
620422;f
561113;m
340817;m
430508;m
770918;m
390123;m
660410;f
381226;m
631110;f
600421;f
641107;m
641014;m
650724;f
320427;f
790325;m
210701;m
531106;m
740424;f
780606;f
730311;m
610809;m
661126;f
791021;m
570823;f
540821;m
540530;f
570919;m
211110;m
691122;m
521227;f
390228;f
420613;m
650118;m
690515;f
400220;f
610707;f
601219;m
570126;m
390401;f
390211;m
490610;f
430821;m
230906;m
741031;f
760513;f
390723;m
351001;f
750215;f
801029;m
591216;f
631008;m
700325;m
760222;m
230919;f
700516;f
510523;m
680112;f
280611;m
420629;f
780716;m
550203;f
451214;f
191027;m
681002;m
730102;m
481117;f
570531;f
491222;f
491012;m
340328;f
220717;m
170409;f
570725;f
561206;m
530502;m
470713;f
481218;m
590318;m
240427;f
420719;m
471025;f
431217;f
330424;m
680710;f
670609;m
650417;m
770929;f
290917;f
671221;m
480630;f
300710;m
370110;f
461016;f
530701;m
680924;m
740902;f
470618;m
710426;f
530626;f
300101;m
310405;f
431222;f
401219;m
560821;f
560207;f
710409;f
540119;m
680727;m
650725;f
640819;m
501117;m
530313;f
640619;f
270817;m
311011;f
271025;f
470101;f
461217;m
330505;m
340310;f
450716;f
710729;m
240720;m
380513;m
420124;m
550521;m
760823;f
620604;m
530311;m
490829;f
180714;m
550825;f
430502;f
590410;m
480126;f
481026;m
630125;f
770705;f
750821;m
561006;f
750827;m
400428;f
640527;m
730208;f
680817;m
801026;m
610809;m
500713;f
570424;m
541223;f
380621;f
531227;f
540623;f
720606;f
701110;m
760609;f
570709;m
201110;m
770718;f
270609;m
341130;f
460627;f
731122;m
371028;m
661010;m
240308;f
640619;m
450524;f
431018;f
340806;f
361227;m
460919;f
441126;m
350909;m
281006;m
270708;f
490523;m
340826;m
690226;m
721007;m
710701;f
671228;m
750517;f
391206;m
520607;f
240113;m
400904;f
191104;m
231204;f
400817;m
320809;f
740722;f
630105;f
670402;m
340606;m
441217;m
450901;m
731017;m
460516;f
650318;m
570910;f
430614;m
420105;f
760329;f
761017;f
570406;m
820202;f
570216;f
520614;m
400524;f
590331;f
761208;f
480622;m
250107;m
291230;f
691221;m
330515;m
611005;f
670925;f
800922;f
750128;f
610326;f
390320;f
431213;m
621009;m
710106;m
391214;f
720707;m
620406;f
800312;m
440804;m
460820;f
401204;f
350313;f
770923;f
500109;m
600430;f
760927;m
520826;f
650807;f
710206;m
590610;f
750327;f
740727;m
410508;m
570211;m
580603;m
420105;f
240909;m
210507;f
700806;f
440730;m
470330;f
370908;m
371202;f
590731;m
520710;f
640726;m
470731;f
770216;m
390622;m
500211;m
540124;f
370509;m
290717;f
430110;m
450110;m
611022;m
571010;m
800223;m
720121;f
810626;m
441219;m
520827;f
530928;f
611203;f
531029;f
531006;m
230505;f
761012;f
390811;f
640124;f
761124;m
410920;m
630923;m
510210;f
570218;m
590118;m
650331;f
740620;f
450726;m
521101;m
710908;m
460522;m
630325;f
430530;m
380611;f
480401;m
470619;f
790425;f
531008;m
650310;f
320422;f
790516;f
180107;m
540708;m
350102;f
350307;m
531119;f
381215;m
370617;m
441215;f
710828;f
660514;m
730103;f
580519;m
630217;m
641019;f
600227;m
800831;f
770610;m
630731;m
611008;m
690806;f
651025;m
460109;m
230417;f
610725;m
660820;f
721103;f
260711;m
250417;f
430104;m
430327;m
430915;f
770509;m
800503;f
381109;m
750203;m
771026;m
460314;m
450826;f
700707;m
620626;f
420814;m
690709;f
680718;m
560509;m
730607;m
650716;f
721007;m
400214;m
311105;f
311203;m
370820;f
700521;m
630225;f
670712;f
661210;f
181024;m
350606;m
420107;m
500304;f
510129;m
730904;m
460107;f
640323;f
200422;m
370607;f
400326;m
341010;f
750305;m
691127;f
490509;f
500125;m
391008;f
630812;m
550915;m
480709;m
330121;m
410524;m
611017;f
780829;m
761001;m
350706;f
720101;m
750209;f
270508;m
360913;m
720422;f
400326;f
590716;m
521003;f
240122;m
610601;m
220524;m
180515;f
380930;m
450902;f
710104;f
750114;m
290613;f
530211;f
690621;f
510324;f
490822;m
671024;f
230117;m
711225;f
640517;m
250530;m
760804;f
271006;f
290516;m
470904;m
480814;f
701007;f
770223;m
450222;m
520329;m
190226;m
730312;f
490522;f
240430;m
670702;m
690523;m
580812;m
460614;m
560117;m
620902;m
700306;f
570704;m
690713;f
300428;m
321222;f
641030;f
490905;f
500626;f
750301;m
730728;f
680205;m
220813;m
660828;m
470318;m
271208;m
530916;f
271111;f
341112;m
280731;m
580215;f
510425;m
500126;m
671123;f
301129;f
480827;f
391004;f
430222;m
390807;f
710225;m
361014;m
361006;f
210304;f
130713;m
570124;f
710809;m
780524;f
700323;f
190928;f
460714;m
740126;m
751212;f
770929;f
530423;f
810420;f
590915;m
540604;f
640402;m
370515;m
540708;m
201025;m
230108;f
190913;f
210223;m
780709;f
340607;f
700328;f
640516;m
480504;m
470116;f
601122;f
400913;m
400620;m
580725;f
620729;m
511102;m
761014;f
511021;f
511225;f
750210;m
211010;m
650122;m
680413;f
740625;m
501105;m
310627;m
611202;f
490826;m
190218;m
661129;f
311012;m
361110;f
640713;m
550701;f
740331;f
790214;m
710728;m
461207;f
700502;f
410410;m
730210;f
300630;m
380315;f
770219;f
630412;m
800812;m
661217;m
801101;f
581019;m
461218;f
410905;m
580329;m
350128;m
230213;m
490710;f
391227;f
741114;m
800709;f
270723;m
230709;f
490523;m
660127;m
190921;f
270521;m
650309;m
280705;f
340514;m
730410;f
580617;m
661006;f
621119;m
520902;m
690317;f
420725;f
390220;m
280402;m
700820;m
390810;m
420628;f
560425;f
490601;m
570726;f
231111;m
270203;m
260212;f
280924;f
580331;m
641007;f
680305;m
520409;f
481118;m
491030;f
600123;f
331214;m
750805;m
591128;m
671123;f
331027;f
750324;f
720910;m
360817;m
770107;m
320429;m
470417;m
770110;m
521230;m
670321;f
311214;m
530226;m
581010;f
651004;f
581003;m
610129;f
780909;f
431205;m
511011;m
570723;f
410321;f
271102;f
480725;f
770517;f
750516;f
250718;m
201017;f
180518;m
230322;m
390109;f
590703;f
591126;m
460518;f
510707;m
341216;m
320922;f
710228;m
361009;m
360928;m
320925;m
250728;f
621227;m
540222;f
720930;m
400118;m
670521;m
700908;f
620623;f
761220;f
400907;m
770321;f
410206;f
470908;m
340211;m
291228;f
320302;m
580310;m
410322;m
400711;f
421212;m
480427;f
440502;f
450311;f
490701;m
210601;f
180213;m
651016;m
510312;m
660603;f
800628;f
430823;f
210602;m
260123;f
570518;f
781120;m
430925;m
440606;m
500831;f
780117;f
360707;m
590812;f
520716;m
390806;m
780307;m
750507;m
571119;m
281219;m
331228;f
381110;m
390329;f
781127;m
180207;f
550220;m
610115;f
620824;m
230422;m
220406;f
771203;f
760114;m
510712;f
430318;f
220803;f
630206;m
480305;f
611222;f
740614;m
490205;f
730323;f
670723;m
630524;f
600413;m
520515;m
460601;f
610521;m
490201;f
380402;f
410731;m
660507;m
630722;m
410615;f
650129;m
410309;f
610402;m
790324;f
280402;f
581007;m
550513;f
730512;f
710713;m
310629;m
730808;f
640411;m
191219;m
570803;f
600112;m
550919;m
551110;f
500318;f
531105;m
520229;m
770823;m
410514;m
780128;m
690923;m
420827;f
610824;m
540922;f
590404;m
290308;m
321227;f
470325;m
590725;m
320423;f
700508;m
760510;f
650905;f
590410;m
641102;m
410331;f
420104;m
460305;f
690601;f
270424;f
680214;f
511115;f
451007;m
500318;f
250122;f
751001;m
230106;f
670406;m
670731;f
280311;m
580428;m
310223;m
590116;f
620305;m
430929;f
771129;m
600518;m
651005;f
300822;f
710129;m
300505;m
210821;f
820309;f
520621;f
540320;m
431023;m
201212;m
670223;f
360414;m
371023;f
581107;m
410505;m
621117;f
340224;f
320131;m
430519;m
510727;f
450302;m
791017;f
710407;m
510824;f
460629;f
480914;m
590921;f
500611;m
740726;m
681117;m
660303;f
671106;f
660221;m
500818;m
530629;m
820227;m
480822;m
380623;m
651113;m
310330;m
411213;m
790216;f
730307;f
820104;f
470817;m
280303;f
601116;m
620226;f
320421;f
310227;m
240207;f
390912;m
711112;f
710224;m
611130;m
510909;m
410622;f
400709;m
360126;f
640602;m
561018;f
590402;m
790725;m
580102;f
221030;f
380113;m
200618;f
440209;f
460801;f
550531;f
350614;f
750324;f
730420;f
380504;m
690106;m
631218;m
470226;m
430812;f
560923;f
590413;m
251109;f
190318;m
440202;f
190804;m
211104;f
480715;m
640426;f
420404;m
350109;f
320724;f
510727;f
361004;m
240617;m
260221;f
730408;f
541102;f
420226;f
401125;f
301027;m
510629;m
801118;m
600517;m
640526;f
620910;m
760901;f
550614;m
430908;f
210221;m
240426;f
511223;m
460418;f
521116;m
500719;f
370707;m
380812;m
690801;f
480312;f
440930;m
430215;m
250422;f
800224;m
591201;f
721126;f
550114;f
520902;m
760519;f
201101;f
751105;f
390714;m
500222;f
750817;f
710613;f
780814;f
580710;m
530305;f
571218;f
541115;m
530806;f
220719;m
590423;f
560326;m
210625;f
210521;m
251203;f
470206;m
390103;f
630830;m
670807;f
411004;m
220512;m
360506;f
591128;m
770502;m
651216;m
591018;f
570217;m
530716;f
770506;m
570317;m
511122;m
501028;f
570222;m
790418;m
820606;f
610603;m
761105;m
801130;m
190804;f
500612;f
600415;f
811116;f
371210;f
340914;m
370304;f
200930;f
330929;m
521202;m
310420;m
580421;f
290802;f
590120;m
620120;f
621228;f
610326;m
460702;m
300213;m
700104;f
760718;m
780511;f
600730;f
501015;m
420908;f
500410;m
410814;f
501020;f
630611;f
601008;m
510826;m
560331;f
741105;m
400122;m
420103;f
200718;f
180102;m
290122;m
240919;f
800321;m
660326;m
620420;f
540804;f
580531;m
501227;m
810902;m
331123;m
360702;m
430917;f
720315;f
780401;m
260128;m
770609;f
690712;f
470123;m
400121;m
530120;f
570308;m
660313;f
690611;m
680417;m
420805;f
610917;f
500629;m
640217;f
650109;m
390831;m
711011;f
480426;m
790701;f
480216;m
420429;f
540213;m
540825;m
711105;f
460210;f
311218;f
340621;m
471215;f
500424;m
790424;f
720214;m
690530;f
480229;m
810222;f
710413;f
630928;m
521226;f
370704;f
661011;m
610320;m
550415;f
700205;f
691115;f
490724;f
670701;m
670210;m
510530;f
520413;m
421129;f
760129;f
760216;m
681220;f
730929;m
610916;m
410127;f
410225;m
360119;m
780214;f
631221;m
500319;m
420915;f
190912;m
190421;f
431028;f
530115;m
740423;m
540721;f
751007;m
450224;m
760831;f
301002;f
660730;f
590212;f
520423;m
521024;f
520416;m
190328;m
191007;f
701030;m
521129;m
600813;f
541106;m
450119;f
380505;m
570421;m
490701;f
780403;f
650901;f
540228;m
560423;f
420803;f
240213;f
400308;f
430814;m
651026;f
670116;f
721117;f
710407;m
751031;f
540824;f
800704;f
621228;m
770303;f
740608;f
690913;m
320225;m
520502;f
571018;m
401011;f
491215;m
470713;f
730413;f
731220;m
190403;m
650216;m
750718;m
691125;f
471017;f
730930;f
780601;m
850318;f
630807;f
790624;m
470305;m
510502;f
710905;f
181114;m
700507;m
780207;m
800616;m
870927;f
411016;m
510925;m
790405;f
731108;m
620907;m
560920;f
450527;f
580218;m
590808;f
420112;m
670127;m
380213;f
580209;m
341206;f
770406;m
790326;f
571001;m
490421;f
541224;m
280321;m
760912;m
740717;m
750828;f
500802;m
491017;f
570228;m
450121;f
230614;f
530630;m
640830;f
651011;m
580222;m
650318;f
790302;f
530114;m
420417;m
360531;f
391206;m
331231;f
750223;f
370423;f
520929;f
460511;f
480521;m
541208;f
570313;m
680105;f
650828;m
260530;m
330919;f
510410;f
571110;m
410209;f
401202;m
720430;m
220527;m
620309;m
590906;m
551009;m
660813;m
201016;m
221118;f
701227;f
650504;f
690702;m
410510;f
490711;m
700911;f
380401;m
690316;m
600607;m
640321;m
520803;m
530114;f
520125;m
771206;m
610820;f
461202;f
701109;m
650213;f
391026;m
630911;m
460525;m
220720;m
180205;f
750102;f
710907;f
530624;f
550902;f
491215;m
280517;f
640720;m
630202;m
640429;m
451120;f
740521;m
770706;f
780811;m
701006;f
730315;m
710918;f
200614;m
350224;m
631201;f
710321;f
730512;m
220820;m
460416;m
440502;f
200831;m
360804;m
340501;f
390902;m
410819;f
610815;f
661101;m
710228;m
240315;f
750503;m
370908;f
690914;f
401116;m
651221;f
680206;m
271127;m
281124;f
280701;f
391023;f
440202;m
310405;m
261122;f
480323;m
620729;m
320219;f
480309;m
410125;m
330409;m
450427;f
700617;m
281218;f
720209;f
460217;f
371012;f
390315;f
421215;f
271020;m
300807;f
290427;f
671223;m
550217;m
420909;f
410325;m
681002;f
430411;m
391201;f
531104;f
610713;f
760923;f
300928;m
250330;f
610507;f
650101;m
750322;m
330817;f
230911;m
310302;f
430726;f
380803;m
401210;f
540613;m
340724;m
580606;m
460729;f
471209;m
551026;f
190508;m
720527;f
620904;f
690212;m
711009;f
740704;m
640414;f
541130;f
530221;m
550809;m
370914;m
390721;m
380417;f
650420;f
820227;f
810608;f
270226;f
471213;m
231128;f
211119;m
430929;f
331014;m
230625;m
210131;f
780519;m
590110;m
431211;f
280417;m
780724;m
790201;f
610827;m
801111;m
510614;m
750226;m
430616;f
480823;m
800103;m
591025;f
180217;m
181001;m
200220;m
170103;f
240301;f
680206;m
250826;f
210518;m
240405;m
301110;f
740709;m
321125;m
310922;m
470625;f
510319;m
710918;m
721223;f
620822;m
800917;f
430716;m
481206;f
511207;f
801110;f
520318;m
651014;f
600916;m
340812;f
310423;m
230407;f
210426;m
240112;f
770222;f
611231;f
740306;m
621011;f
720206;m
750502;f
790712;f
600802;m
650417;m
220331;m
200429;f
341004;m
390411;f
540116;f
710425;m
680808;m
760524;f
540506;f
521127;m
310615;m
620411;m
650604;f
410624;m
580316;f
550503;m
280125;m
680507;m
690530;f
440223;f
531001;f
530415;m
250130;m
290629;f
300830;m
361207;f
541216;f
560429;f
680901;m
250923;f
700113;m
360106;m
410822;f
450807;f
460827;m
460509;f
431202;m
380117;m
320722;f
480430;m
780331;f
560821;f
291103;m
360504;m
611127;f
581106;m
710119;f
750125;m
641202;m
300305;f
430321;f
381003;m
661012;m
610206;f
590414;f
470713;f
510709;f
711003;f
220416;m
630914;f
611012;m
550104;m
750805;m
590218;f
770812;f
780129;m
560124;f
800310;f
360907;m
440304;f
570910;m
250103;f
420327;m
360823;f
640729;f
221029;m
281127;m
780709;m
750904;f
490515;m
771122;m
750312;f
800910;m
680708;f
741108;m
200718;f
200710;m
780507;f
550705;f
641017;m
360828;m
390318;m
720921;m
510620;f
760506;f
820503;m
530629;m
510714;f
541117;f
290324;m
540615;f
480815;m
250728;m
300715;m
330411;f
421220;m
670627;f
471107;f
430124;m
520620;m
670208;m
780825;f
450913;m
690412;f
660126;m
371021;f
420728;m
360524;f
390516;m
531126;m
561208;m
710107;m
650420;f
210308;m
230505;f
720313;m
680224;f
180211;m
250904;f
350301;m
760912;f
310512;f
481121;m
210822;f
291027;m
370705;f
330612;f
190708;m
760626;m
420421;f
631226;f
590509;m
800711;f
590914;f
380814;f
321211;f
570126;f
611120;m
520912;f
800704;f
590830;m
390320;m
440609;f
521203;f
480614;f
410503;m
380410;m
510127;f
470713;f
391027;f
311117;m
771106;m
770703;f
621114;m
460224;f
710808;f
790325;m
300419;m
601216;f
420810;f
300727;f
230522;m
560913;f
610824;f
470507;f
420510;m
650927;m
631118;m
400117;f
650717;f
200117;m
161027;f
581022;m
581214;m
790419;m
691226;m
410121;m
450503;f
231003;m
510328;f
480117;f
190920;f
430923;m
510412;f
491220;f
480318;f
390115;f
350805;m
361223;m
541209;f
291125;m
230916;f
190823;f
521013;f
450307;f
510801;m
200824;f
770105;m
700827;f
671228;m
740110;m
420617;m
250813;f
580121;f
280408;f
351020;m
710109;m
360814;f
721001;m
480223;f
280808;f
571101;m
210117;m
211015;f
391006;m
460907;f
681015;m
391127;m
620408;f
630609;m
800122;m
531106;m
520813;m
451204;m
360101;m
311025;f
750511;m
670525;m
790523;f
740826;m
240321;m
200722;f
651228;f
250609;f
571031;m
600531;f
750602;f
710812;m
460430;f
700715;f
640106;m
430403;f
521128;m
740207;m
420507;m
630516;m
691007;f
600926;f
550615;m
510219;f
800809;f
660220;m
300601;m
820820;f
380824;m
540719;f
670913;m
750927;m
701215;m
281014;f
530713;m
790616;m
190115;f
260522;f
640313;f
790416;f
601107;m
740904;f
800327;m
730203;m
670517;m
481110;f
800307;f
650131;f
480815;f
470716;f
270105;f
500603;f
760116;f
571022;m
560129;m
200629;f
490423;m
570812;f
780507;f
481107;m
510508;f
660629;m
480617;f
571219;f
561009;f
511206;f
800906;m
721227;f
710525;f
640515;m
800907;f
450916;m
530331;f
481210;m
260210;m
250517;f
641016;m
711007;f
450924;f
650628;f
700808;m
670103;m
760921;f
750522;m
640802;f
251015;m
370717;m
300820;f
760709;f
661022;f
610517;f
540126;m
390904;m
530509;f
300429;f
441218;f
370128;m
231124;m
450913;m
481230;m
491006;m
501017;f
290923;f
590208;f
530601;f
520726;f
220611;f
240511;m
540621;f
781224;m
500808;m
660216;f
720208;m
420627;m
361128;f
590708;f
240625;m
590307;m
590523;f
421215;f
410508;m
550210;m
580608;f
440918;f
691117;m
550306;f
510604;m
550629;m
430926;f
780603;m
610115;f
680130;f
571005;m
521204;f
411222;f
460216;f
481218;f
470227;m
710622;m
820907;f
331111;f
460929;m
791219;m
740914;m
800316;f
380328;m
450503;f
550313;m
700507;f
690815;f
650519;m
190410;m
801115;f
361109;m
540909;m
260126;f
530811;m
741128;m
470909;f
640209;m
430327;m
361124;m
180701;f
780617;m
620220;f
610306;m
230212;m
690918;m
661112;f
631110;f
220417;f
750909;m
700526;f
520331;f
760602;m
621015;m
650322;f
540212;f
590106;m
490830;m
680918;f
690720;m
631004;m
700318;m
600611;m
550824;m
550911;f
221202;f
550613;f
721223;m
680208;f
790307;m
770810;f
260717;f
270607;m
560412;m
531025;f
230513;m
621102;f
720509;m
200710;f
131206;m
690627;f
720909;f
510607;m
241022;f
550313;m
470226;m
490531;f
800219;f
830827;m
800518;m
450429;f
780604;f
270211;m
650106;f
220831;m
351225;m
260831;m
200729;m
320617;m
640515;f
410623;m
401113;f
750426;f
640423;f
781014;m
670828;f
760817;m
411207;m
421117;m
570106;f
311121;m
370228;f
400103;f
450730;m
510116;f
541017;f
611219;m
770719;m
700520;f
670108;f
600603;m
350205;m
421009;m
380302;m
330223;f
790915;m
730417;f
450527;m
250627;f
210703;m
520608;f
510625;f
391006;f
440104;f
630915;m
410926;f
280816;m
700530;m
770403;f
770808;m
570408;m
631224;f
611005;m
611111;f
590808;f
710215;m
380215;m
721108;f
751115;f
620117;f
230731;f
710426;f
201211;m
601021;f
500330;f
540427;m
580126;m
220812;f
190923;m
800909;f
750116;f
750507;f
770521;m
610906;f
600426;m
530528;f
360519;f
720305;m
250628;f
570329;m
680629;f
660511;f
490616;f
670601;m
240804;f
250424;f
720626;f
710621;f
780119;m
740126;f
360421;f
280611;m
550907;f
720205;f
640723;m
780830;f
761129;f
370524;f
570626;f
730805;f
791105;m
491118;m
491013;m
440108;f
310413;m
320609;m
240905;m
461126;m
451228;f
650928;f
531007;f
460308;f
811123;m
470309;m
510507;f
520719;m
591216;f
560622;m
600316;m
251106;m
281016;f
200418;m
770915;f
771115;f
560503;f
440104;f
780305;f
450615;f
390621;f
401017;m
770414;m
700110;f
790426;f
250530;f
810412;m
791020;f
680221;f
250524;f
590425;f
430826;f
781011;f
420911;f
461106;m
581104;f
731018;f
701001;m
240320;m
180722;f
470719;m
300920;m
370823;f
760613;f
470518;f
210702;m
590903;m
360111;m
580420;m
540219;f
241225;f
690802;f
660421;m
441025;m
770915;f
490718;f
640501;m
180407;f
290809;f
250615;m
740929;f
730920;f
260620;f
780417;f
590822;f
660820;m
710724;m
790919;f
860813;m
381229;f
421024;m
500802;m
650710;f
550504;m
430916;m
510701;f
771205;m
610512;m
820330;m
771021;f
650615;m
390628;m
681212;m
331011;m
511220;m
540305;m
780131;m
310513;m
590125;m
801020;m
630801;m
730112;f
721002;f
451227;f
460218;m
360916;f
260701;f
720429;f
410911;f
751230;f
580516;f
741107;f
731126;m
580723;m
671120;f
590829;f
680720;m
290411;m
381019;f
510409;f
590417;f
541101;m
750706;m
230519;m
280122;f
760112;f
500102;m
521126;f
770504;m
330619;m
770709;m
701225;m
760424;m
700519;m
570506;m
440627;f
430731;f
180524;m
330506;m
361015;f
690913;f
401103;m
540309;m
450402;m
380627;f
300930;m
640314;f
680222;m
640329;m
651030;f
200428;m
611026;f
571204;m
750325;m
481226;m
431007;f
210429;f
690328;m
640414;f
501011;f
570816;m
420502;f
491108;m
490105;f
271019;f
240608;f
760529;f
760209;m
760729;m
361023;m
430117;m
501223;f
620521;f
570224;m
570422;f
770913;m
230817;m
641119;m
370602;m
221007;f
441117;f
440504;m
730228;f
750611;f
650725;m
441227;m
641209;f
270113;m
570118;m
520514;f
580724;f
630330;m
750616;m
790117;m
660829;f
550411;m
190720;m
140614;f
740814;m
710403;f
480324;m
560218;f
770713;f
650908;f
471005;m
521109;m
790411;m
710219;m
640914;f
311228;m
290928;f
240812;m
470318;f
320110;m
280528;f
651124;f
660706;m
541130;f
700803;m
211114;m
200312;f
381228;f
450427;f
631019;m
401225;m
200928;f
610927;f
520404;f
511031;f
570628;f
430909;m
501101;f
520309;m
570714;m
640717;f
700424;f
630204;f
220109;m
760916;m
840918;f
640625;f
531009;m
800129;m
541224;m
311203;f
471014;m
421212;m
360116;m
710302;f
540206;m
411201;m
550613;f
360120;f
510420;f
431230;f
580105;m
201030;f
421017;f
240429;m
190228;f
450223;f
370724;m
600807;m
700531;m
321024;f
280927;m
580309;f
631020;m
680629;f
651011;m
710725;f
750825;m
480303;m
370212;m
820426;m
710709;f
391103;f
671107;m
360521;f
551012;f
661112;f
640920;f
580627;m
490725;f
761227;m
390701;f
441124;f
560616;f
181012;m
410824;f
490624;f
480910;f
510813;m
780506;f
761105;f
760915;f
360317;m
330819;m
550329;f
320703;m
401125;m
401129;f
730831;f
520519;f
410412;f
471205;m
670313;m
350402;m
340404;f
460726;f
681002;m
800909;f
371014;m
761116;f
450118;m
761219;f
660102;f
530510;f
600923;f
510731;m
771220;m
720327;f
410220;f
401101;f
460210;m
720525;f
670509;m
660524;f
670304;m
471124;f
420324;m
380531;f
230510;m
150927;f
330401;f
280418;m
801031;f
400309;f
360228;m
770922;m
690213;m
680226;f
800516;m
560507;f
580212;m
600803;f
690721;f
310119;m
780820;m
640124;m
280625;f
650715;f
790124;m
620226;m
461218;f
500215;f
471014;m
420916;m
410913;m
351011;m
590414;f
750706;f
440511;f
270210;f
421029;m
210805;m
260827;f
280612;m
410426;m
380625;f
680814;f
720727;m
490828;m
520816;m
781227;f
751002;m
210929;f
681206;m
480131;m
790524;f
491008;f
530811;m
560802;m
530305;f
640714;m
440702;m
471219;f
400911;m
630426;m
620826;f
640128;m
550406;f
430302;m
430415;f
251211;m
330412;f
570925;f
630331;m
631112;f
370615;f
410628;m
550429;f
550912;m
430711;f
401105;m
500714;m
780416;m
610509;f
550723;m
600606;f
181104;f
110820;m
760812;f
330802;f
440809;m
321122;m
370218;m
460506;f
560321;f
720128;m
410206;f
731014;f
451117;m
520704;f
701123;f
701031;m
450707;m
200504;m
730211;f
180317;m
550717;m
250321;m
221023;f
430528;f
810601;f
600308;f
770612;m
290729;f
490413;f
560925;m
291218;m
480804;f
410720;f
220427;f
280126;m
480119;f
620404;m
730108;m
391009;m
340218;f
391228;f
540905;f
500108;f
451009;m
730109;f
800221;m
350327;m
341128;f
710213;f
440223;f
791015;m
350306;m
670527;m
180921;f
600403;f
230123;f
241213;m
610107;f
500129;f
520613;f
510814;m
480722;f
741222;m
290623;f
220307;m
780210;m
720201;f
660815;f
661228;m
781016;f
201208;f
211006;m
380816;m
620312;m
800427;f
400926;f
460209;m
360215;m
570525;f
460215;f
451116;f
250918;f
280311;m
400903;f
620102;f
460320;f
530814;m
781125;m
710706;m
450807;m
300207;f
350313;f
440201;f
481228;m
811124;f
301101;m
350126;f
710326;f
250626;m
681025;m
620228;m
700917;m
740304;f
690904;m
320313;m
640413;m
690919;f
390608;f
451013;m
820416;m
400305;m
771227;f
580814;m
570109;f
710228;f
521231;m
670313;f
390301;m
771101;f
431123;f
740302;f
570219;m
781221;m
791209;m
690308;m
500508;f
610419;f
761019;f
740531;m
630719;m
390109;m
680506;m
510526;f
620702;m
510618;m
550316;f
760209;m
430730;m
810730;m
601109;f
790225;f
590705;m
820407;m
821020;m
461010;m
790425;m
820731;m
380526;m
680720;f
770713;f
620630;f
611021;m
810118;m
370628;m
350904;m
720714;f
730627;f
780621;m
770717;f
500908;f
720922;f
800915;m
460105;f
760410;m
800115;m
370822;m
510119;m
570204;f
750910;f
810324;f
611031;f
490412;f
471006;f
440522;m
591212;m
750321;m
650403;m
750405;f
631224;m
671021;m
590810;f
670719;f
790505;m
740805;f
530519;f
730309;m
660607;f
501031;f
621218;m
750909;f
641202;m
571028;f
711130;m
560923;f
490918;f
431220;m
610110;f
600423;f
540419;m
450908;f
630122;m
461012;f
801010;m
760912;m
731015;f
400716;f
770111;f
490724;m
480406;f
671030;m
780603;m
770803;m
400217;m
780626;m
700418;m
420318;f
820515;m
430414;m
710105;f
461007;f
480916;m
620227;f
590110;m
500521;m
681107;f
411224;m
820310;m
710924;f
710102;m
740709;f
470108;m
470116;f
680328;m
640923;f
510407;f
500201;m
560313;f
760217;f
700918;f
670812;m
670529;f
351229;m
610502;m
660525;f
490331;m
760818;f
670522;f
670105;f
420831;m
391209;m
640314;m
710501;f
710920;f
790606;m
471126;m
700123;m
780320;m
350721;m
740201;m
680831;m
550328;f
551203;m
620601;m
690730;f
670323;m
721227;f
680529;f
760918;f
480325;m
460410;m
350719;m
750924;m
570125;m
520916;m
400828;m
611001;m
680920;f
630908;m
440527;f
790302;f
560510;m
680809;f
451027;m
470917;f
640313;m
730515;f
470319;m
411128;f
530329;m
790515;m
350605;m
760101;m
661222;f
700912;f
510216;m
520301;f
800806;m
580801;f
530322;f
571104;f
550302;f
501008;m
591122;f
751009;f
591007;f
530224;m
530516;m
480523;m
480508;m
410511;f
600115;f
550310;m
620504;m
791210;f
680909;m
750128;f
520717;m
450129;f
640422;m
780403;f
790406;f
351003;m
700910;f
510410;m
790531;m
440127;f
370501;m
731121;m
660527;m
390815;m
580703;f
630410;m
631012;m
490406;m
500313;f
800430;f
581228;f
400215;f
531225;f
680216;f
561219;f
640517;m
401015;f
631116;m
480305;f
520527;m
521224;m
430309;m
400404;m
460101;f
410521;m
420820;f
421010;m
561230;m
360809;m
490308;f
570127;f
500305;m
540604;m
721203;m
760706;m
731020;f
660221;m
700428;m
700107;m
520130;m
560629;m
500107;m
600923;m
420717;m
440223;m
530316;m
400930;f
341130;m
510520;m
581224;f
620521;f
630201;m
701104;m
530807;m
740804;m
780909;f
630822;f
480812;f
550221;m
781121;f
710324;f
480726;m
540603;m
530618;m
431218;f
590906;f
421015;m
520713;f
571227;m
431126;m
430929;f
460604;m
620523;m
440412;m
790326;m
480803;f
801207;f
810607;m
690428;m
631224;f
710905;f
420313;f
510322;f
440114;m
710624;m
490925;m
390427;f
670823;m
590227;f
700313;m
700129;f
531217;m
650405;m
680129;m
670630;m
610414;f
400630;m
710707;f
610923;f
670720;f
610624;m
570929;m
630916;f
640513;m
440601;f
620911;m
650804;m
570906;f
700210;f
401202;f
380916;m
490518;m
630318;f
750124;m
590522;m
740228;f
771026;f
730412;f
371104;m
630125;f
551017;m
581126;m
640908;f
420404;f
570416;f
600209;f
370315;m
620710;m
730128;f
490407;f
770305;m
480111;m
530405;m
620407;m
460401;m
660614;f
680223;m
580613;f
780923;f
580224;f
761230;f
510710;m
750927;f
700730;m
570830;f
760106;f
460119;f
660511;m
640130;f
651017;m
590312;m
351214;m
661024;f
780629;f
671120;m
760808;m
420622;m
670719;m
661129;f
581007;m
500727;f
650406;m
710210;m
791102;f
630312;m
760508;f
440531;f
780802;m
790608;f
360926;m
510123;f
450831;f
660201;m
790730;m
690904;m
791206;m
750915;f
600521;f
660508;f
660506;m
680106;f
610911;m
470904;m
521227;f
430419;m
791225;f
470524;m
450510;f
711203;f
351026;m
571231;f
480502;f
481026;m
390413;f
411112;f
540511;f
710828;f
670212;f
430107;f
550814;m
620712;f
530707;f
530810;m
480411;f
480710;m
400707;f
530411;f
450204;m
401009;f
390423;f
620209;m
400130;f
391225;f
720924;f
560507;f
630114;m
550826;f
580405;m
461106;m
600417;f
581026;f
670822;m
721210;m
730719;f
750626;m
751220;m
740322;m
490308;m
500410;m
501109;f
701109;f
650509;m
450322;f
431011;f
420505;m
411207;f
780926;m
731121;f
580821;m
551102;f
470515;f
500718;f
420414;f
680128;f
490216;m
580527;m
620919;m
450126;m
370903;f
450924;m
441113;f
480504;m
700219;f
770821;m
511116;f
771130;f
521110;f
590203;m
541205;m
510605;f
690217;m
600623;m
610305;f
500302;f
680121;f
640921;m
600317;f
450803;m
430615;f
670701;f
670317;f
701210;f
421208;m
670710;m
670719;f
720623;m
411015;m
680414;f
600420;m
451003;f
500619;f
580707;m
620607;m
730320;f
681030;f
680417;m
651029;m
460917;f
630523;f
740423;m
640701;m
691225;f
730627;m
800314;f
760206;f
780105;m
650725;f
380106;m
760524;m
790813;f
800216;f
851019;m
751027;m
400511;f
580927;f
561011;m
700125;f
761116;m
790619;m
620903;f
590607;m
620405;m
610914;f
581110;m
760710;f
650217;f
430815;f
640809;f
480828;f
501204;m
551020;f
371111;m
450126;f
500115;m
800912;f
520216;f
450223;f
351215;m
490107;m
540319;f
421109;f
710803;m
540129;m
620716;f
490825;f
380503;m
430428;f
460331;f
710804;m
800127;f
760319;m
800323;f
790513;f
720804;m
571123;f
630109;m
420220;m
440615;m
611003;f
640613;m
720206;f
671219;m
471116;m
690519;f
720219;m
570504;f
551104;f
530709;m
531017;m
590129;m
570201;f
520726;m
710410;f
790610;m
480129;m
650122;f
610408;f
570726;m
440727;f
720712;f
650714;m
531205;m
570305;f
460923;f
651208;f
380925;m
360826;f
371208;m
690414;m
630418;f
401127;f
601020;f
360602;m
420414;f
471021;m
610131;f
441214;f
690403;m
720820;m
720419;f
660111;f
411104;f
610928;m
520528;m
510406;f
790726;f
640729;f
701115;m
800502;f
740708;m
580516;f
590717;f
381109;m
400521;f
660122;f
440420;f
401204;f
770923;f
570211;m
510612;m
540824;f
720403;m
430312;f
800128;m
650723;f
481018;f
450123;m
490414;m
610803;m
670619;f
510411;f
450704;m
570520;f
661103;m
450716;f
710912;f
701007;f
770223;m
441212;m
700402;m
571201;m
520826;m
250830;f
370902;m
341119;f
631120;f
690119;m
670623;f
410913;f
441203;m
451116;f
391024;m
610709;m
640529;m
391027;f
440701;m
711009;m
771209;f
760623;m
430530;m
360930;f
720812;f
770515;m
390227;m
680907;f
640626;f
801123;m
820625;f
540616;m
610819;m
711112;f
710224;m
740405;f
781129;m
780306;m
641030;m
440408;f
400620;f
430705;m
351013;f
590217;m
460827;f
551129;m
630513;f
700117;f
730602;m
730530;m
740103;f
650307;m
591217;m
690704;m
650410;f
800814;m
631013;f
660620;m
560301;f
500505;f
470130;m
560101;m
650126;f
581207;m
620720;f
530601;m
790316;m
450809;f
680321;m
640929;f
601029;f
580117;m
400525;f
600820;m
591101;f
490121;f
690812;m
641014;m
390727;m
530505;m
461015;m
550826;m
570927;f
760521;f
580120;f
410312;m
701012;m
730508;f
470116;m
760301;m
650113;m
560218;m
790214;f
800418;f
500316;m
781215;f
490415;m
761125;m
780217;f
621103;f
581222;m
500626;f
381019;m
561128;m
370517;m
590701;m
420113;f
770527;f
440801;m
380209;f
770120;m
351225;m
410623;m
401113;f
560415;m
420918;m
660925;m
580813;m
780418;f
540320;m
511117;f
700505;f
680708;m
551118;f
601031;m
551208;f
530601;m
690525;f
780907;m
760318;m
580719;m
740707;m
740129;m
770803;m
410728;m
630515;f
700726;m
550609;f
630512;f
570423;m
710220;m
590523;m
630516;m
760120;f
801113;f
790720;m
471114;m
480731;f
730216;m
720126;m
540412;f
751120;m
741123;m
701220;f
790222;f
520909;f
420101;m
451030;f
430406;m
680413;m
621019;f
530812;f
